file,species
91e469b4a.png,Charlock
ef02b4ee7.png,Sugar beet
d0cdc768f.png,Common wheat
4a337a4a9.png,Fat Hen
239bdf640.png,Charlock
606647f64.png,Common Chickweed
675ec1b0b.png,Small-flowered Cranesbill
1d0cbd819.png,Black-grass
063363305.png,Small-flowered Cranesbill
c7eb96871.png,Common wheat
2d5058a59.png,Common Chickweed
d8f4923f8.png,Common Chickweed
b130a0632.png,Cleavers
65d08b894.png,Sugar beet
3abb502fb.png,Loose Silky-bent
c35efa095.png,Scentless Mayweed
f1f7c833f.png,Shepherds Purse
1191ba346.png,Cleavers
42e7ed442.png,Shepherds Purse
177d7e2a4.png,Sugar beet
187668bde.png,Scentless Mayweed
d6d31dcbe.png,Scentless Mayweed
8d6991365.png,Black-grass
aa7d098d1.png,Common Chickweed
dfb1d9012.png,Black-grass
56112b92c.png,Small-flowered Cranesbill
e5297b675.png,Loose Silky-bent
e19ad6ac9.png,Charlock
2bd74d2da.png,Black-grass
593896f83.png,Common Chickweed
126a71ce0.png,Charlock
9c32a797e.png,Common wheat
1bf9b94a6.png,Scentless Mayweed
64fe8beb9.png,Scentless Mayweed
86f08e6d1.png,Fat Hen
44e8b8833.png,Small-flowered Cranesbill
b03397525.png,Loose Silky-bent
1364b297a.png,Cleavers
da713c465.png,Black-grass
0f6cbe5e8.png,Maize
e5881dd33.png,Fat Hen
bf3924a57.png,Common Chickweed
6b721f68e.png,Black-grass
2d9c798f9.png,Small-flowered Cranesbill
03e322a29.png,Scentless Mayweed
7d4cd07ad.png,Common Chickweed
754b1adf8.png,Small-flowered Cranesbill
03ef36742.png,Scentless Mayweed
afcf6abd5.png,Small-flowered Cranesbill
de0b79659.png,Fat Hen
9c0c5b731.png,Loose Silky-bent
599691cd9.png,Small-flowered Cranesbill
fd925f542.png,Common Chickweed
c0f5d9ac8.png,Small-flowered Cranesbill
66ab0e8d0.png,Charlock
4b155fb07.png,Maize
71b232519.png,Black-grass
728eabae1.png,Charlock
60f0bc617.png,Small-flowered Cranesbill
4c5ab9b68.png,Cleavers
59b2c6f2b.png,Common Chickweed
8cfd98117.png,Scentless Mayweed
288564c76.png,Sugar beet
043449b0b.png,Sugar beet
f4ad9d950.png,Sugar beet
406ecb5c5.png,Charlock
0e8492cb1.png,Sugar beet
8b043093d.png,Small-flowered Cranesbill
9fab816f2.png,Fat Hen
46c14fde2.png,Loose Silky-bent
48231e475.png,Scentless Mayweed
534e74d83.png,Maize
0d31e6602.png,Small-flowered Cranesbill
1f3f44563.png,Maize
8c9953903.png,Fat Hen
b98327bf4.png,Scentless Mayweed
67e185673.png,Small-flowered Cranesbill
22e79540f.png,Cleavers
3ebbe9ca4.png,Charlock
79d93bc96.png,Loose Silky-bent
c88ebfb47.png,Small-flowered Cranesbill
2dd5cfba9.png,Shepherds Purse
30ad31220.png,Charlock
74068643d.png,Loose Silky-bent
ef3e232ad.png,Common Chickweed
b215531dd.png,Cleavers
90b595f12.png,Common Chickweed
5a38ac566.png,Loose Silky-bent
0fb233ad6.png,Small-flowered Cranesbill
b0acaff4a.png,Black-grass
8b9144917.png,Small-flowered Cranesbill
b2706e2b3.png,Black-grass
3f826b318.png,Common Chickweed
e1abb4ff9.png,Sugar beet
fe29629fb.png,Scentless Mayweed
8303b27ed.png,Black-grass
599c82eea.png,Scentless Mayweed
dd9f36df7.png,Small-flowered Cranesbill
4c7838de4.png,Common Chickweed
47b7d8e17.png,Small-flowered Cranesbill
edfdb4aeb.png,Scentless Mayweed
060f1dc84.png,Shepherds Purse
711b46fba.png,Shepherds Purse
d84d37a61.png,Common Chickweed
23bc8ec4f.png,Common Chickweed
b5c7fd009.png,Loose Silky-bent
618de3d7a.png,Charlock
1f290e016.png,Scentless Mayweed
0ae6668fa.png,Loose Silky-bent
59f62ad1d.png,Black-grass
d2f0f326e.png,Charlock
fdea6b119.png,Black-grass
1dc7c45df.png,Loose Silky-bent
e0ec5b6a1.png,Sugar beet
0c4199daa.png,Loose Silky-bent
456d507c0.png,Cleavers
16357b436.png,Loose Silky-bent
78c5fba1d.png,Sugar beet
2a5064f19.png,Common wheat
e15472085.png,Common Chickweed
c5078bac5.png,Black-grass
fa9f3a8f9.png,Cleavers
e5064f6be.png,Sugar beet
8585f9718.png,Loose Silky-bent
0885e7690.png,Scentless Mayweed
bd72d4d8a.png,Scentless Mayweed
d14aa43f3.png,Small-flowered Cranesbill
8a8d6c712.png,Cleavers
8455169fe.png,Common wheat
9aa5587fe.png,Loose Silky-bent
523e5505c.png,Fat Hen
1821eb11a.png,Scentless Mayweed
f33e9d918.png,Shepherds Purse
ba3ce6b3e.png,Scentless Mayweed
8db450ce3.png,Common Chickweed
7beb2766f.png,Scentless Mayweed
13b9fa92d.png,Sugar beet
19fdf19fb.png,Common wheat
4f44ca525.png,Common Chickweed
85431c075.png,Loose Silky-bent
25fa8d109.png,Common wheat
f8318faf1.png,Scentless Mayweed
35a90f8d0.png,Scentless Mayweed
fd253a74e.png,Cleavers
5a6bf96f6.png,Maize
856f2910a.png,Small-flowered Cranesbill
5bbc0a255.png,Common Chickweed
a2d25b4f3.png,Small-flowered Cranesbill
a35fd6fbb.png,Common Chickweed
2ea664465.png,Sugar beet
c0bc3997b.png,Shepherds Purse
219fd68d5.png,Scentless Mayweed
8311740de.png,Fat Hen
aee6fa3df.png,Loose Silky-bent
50de8a115.png,Shepherds Purse
ad12382d4.png,Loose Silky-bent
6db684fff.png,Scentless Mayweed
8c98a6e9b.png,Black-grass
39d569be4.png,Loose Silky-bent
6908fb540.png,Sugar beet
a060c1cf8.png,Maize
7506c0c02.png,Shepherds Purse
d41d87796.png,Scentless Mayweed
33748968f.png,Cleavers
5c3cd7ea2.png,Scentless Mayweed
205df1df3.png,Fat Hen
866be78b0.png,Common Chickweed
8bc0261c9.png,Loose Silky-bent
dc4cd56a3.png,Loose Silky-bent
41e07778c.png,Cleavers
2406d6c99.png,Shepherds Purse
071cb3ece.png,Sugar beet
df11d56a7.png,Sugar beet
502dff972.png,Small-flowered Cranesbill
a006a475c.png,Common Chickweed
da4ed3a28.png,Charlock
bd789d151.png,Common Chickweed
6b9d6f8c9.png,Sugar beet
c60e91e07.png,Loose Silky-bent
099b961ec.png,Shepherds Purse
446f7da01.png,Black-grass
e88bf0db9.png,Small-flowered Cranesbill
20e562fd5.png,Sugar beet
90d119d25.png,Scentless Mayweed
5ca2687a4.png,Maize
6049234e6.png,Fat Hen
3526b05cc.png,Scentless Mayweed
b6a3f7876.png,Black-grass
71f5323c5.png,Loose Silky-bent
25a4c427e.png,Loose Silky-bent
a890ac088.png,Charlock
e478c452c.png,Sugar beet
976e4e079.png,Common Chickweed
98da6ef4e.png,Scentless Mayweed
d5f7dd60a.png,Scentless Mayweed
34dd57ca9.png,Loose Silky-bent
1d48b7564.png,Loose Silky-bent
ef7a5651d.png,Scentless Mayweed
3a909ead8.png,Small-flowered Cranesbill
e9cd91682.png,Common Chickweed
4bcdaa5e2.png,Shepherds Purse
23e480e64.png,Common Chickweed
a38b8a581.png,Small-flowered Cranesbill
995c7ab1e.png,Black-grass
aad8375e0.png,Shepherds Purse
1c52ea820.png,Fat Hen
a19c3faca.png,Shepherds Purse
9b9911f20.png,Scentless Mayweed
4e9d3765f.png,Charlock
e4a76885b.png,Maize
0c5f6c493.png,Black-grass
a276c65f7.png,Loose Silky-bent
0ad9e7dfb.png,Sugar beet
33448fe39.png,Loose Silky-bent
5bd71f445.png,Common Chickweed
d7017f701.png,Fat Hen
5b63dcc21.png,Common Chickweed
539961189.png,Common Chickweed
71334c634.png,Maize
ce15eee52.png,Charlock
5dcad9a53.png,Small-flowered Cranesbill
f4021df6c.png,Fat Hen
3fbf1a417.png,Cleavers
5bc6595f6.png,Maize
3827436f3.png,Common Chickweed
0a64e3e6c.png,Black-grass
122913909.png,Maize
c74c5b7fc.png,Shepherds Purse
e471f1d3a.png,Charlock
808578ed5.png,Charlock
a2b703e21.png,Small-flowered Cranesbill
824f5d4e5.png,Sugar beet
7c85b0265.png,Loose Silky-bent
8e2e5604e.png,Sugar beet
00d090cde.png,Loose Silky-bent
115f93ecc.png,Loose Silky-bent
caa2fbd79.png,Common Chickweed
17a78fb44.png,Common wheat
a8b431a3e.png,Sugar beet
4bbfd1e05.png,Cleavers
0ebf8f2f4.png,Maize
f4e7733d4.png,Small-flowered Cranesbill
f4caf74f9.png,Charlock
d350a25fa.png,Common Chickweed
79dafec17.png,Loose Silky-bent
a1da8be3c.png,Maize
b31292706.png,Common Chickweed
c5e419015.png,Scentless Mayweed
a8388a37f.png,Fat Hen
82b5f4d33.png,Shepherds Purse
721be0a4a.png,Loose Silky-bent
007b3da8b.png,Sugar beet
d563be369.png,Fat Hen
632156793.png,Cleavers
73260a4ee.png,Fat Hen
2f0004a7f.png,Common wheat
c50335991.png,Fat Hen
558aa7deb.png,Loose Silky-bent
d668409ff.png,Black-grass
f351ce097.png,Loose Silky-bent
abc331628.png,Common wheat
1623fb9e1.png,Fat Hen
592473c83.png,Black-grass
7f31c7f42.png,Loose Silky-bent
b341d0aab.png,Common Chickweed
c5e88cd42.png,Common Chickweed
8e3ed0a25.png,Small-flowered Cranesbill
f3fcfff1b.png,Cleavers
a8da9c08d.png,Charlock
647689543.png,Loose Silky-bent
b62dca166.png,Fat Hen
fba8fc78a.png,Loose Silky-bent
8b27bfd2b.png,Small-flowered Cranesbill
0ee4ad224.png,Scentless Mayweed
444473900.png,Fat Hen
969a851be.png,Scentless Mayweed
a5db42f7d.png,Maize
6dd095129.png,Common Chickweed
c8f50f0c3.png,Common wheat
bfab3e3d0.png,Sugar beet
32c86784b.png,Common Chickweed
8e29abce1.png,Shepherds Purse
93d76fd5d.png,Small-flowered Cranesbill
74d810f87.png,Loose Silky-bent
d2f422ccb.png,Common Chickweed
953496deb.png,Fat Hen
d89db156f.png,Small-flowered Cranesbill
835dc5447.png,Small-flowered Cranesbill
3eda9cbb6.png,Scentless Mayweed
7b52585da.png,Black-grass
86c309150.png,Sugar beet
b7a7f6390.png,Fat Hen
e783f5a4f.png,Sugar beet
589e643b8.png,Shepherds Purse
974959ec1.png,Common wheat
279df95f2.png,Sugar beet
52a87abe5.png,Fat Hen
9643fc5f4.png,Charlock
b7ad92859.png,Shepherds Purse
7f46a71db.png,Sugar beet
8ece6efec.png,Scentless Mayweed
e1a0e3202.png,Loose Silky-bent
a169b71e7.png,Charlock
5ca0205f9.png,Charlock
31fcdc161.png,Maize
06d12f6fa.png,Shepherds Purse
a83820a2c.png,Sugar beet
cb76a7766.png,Fat Hen
29f49cd0b.png,Fat Hen
ab35453cb.png,Cleavers
e80a259c5.png,Small-flowered Cranesbill
5bdcfa329.png,Loose Silky-bent
3edf5e9ef.png,Black-grass
590f5aea6.png,Charlock
8cf2e3e6c.png,Common Chickweed
659412b1a.png,Loose Silky-bent
c0d9e170b.png,Small-flowered Cranesbill
f0ffa00bd.png,Sugar beet
afa446484.png,Small-flowered Cranesbill
eef131644.png,Loose Silky-bent
32a8c8a1d.png,Loose Silky-bent
6d6eb3830.png,Shepherds Purse
adb7a032c.png,Loose Silky-bent
b1cd2a91e.png,Cleavers
fef2ade8c.png,Sugar beet
8874bba69.png,Loose Silky-bent
0437393b1.png,Fat Hen
d6c8c3c48.png,Small-flowered Cranesbill
e82017baa.png,Black-grass
d488a4fe1.png,Common wheat
b687160f5.png,Small-flowered Cranesbill
20ea96bcc.png,Fat Hen
24c94a6ca.png,Sugar beet
78b1bf91a.png,Sugar beet
fadc6adbc.png,Charlock
c85ef220d.png,Common Chickweed
da9ef7858.png,Charlock
1694a70e4.png,Scentless Mayweed
77ccb8b2a.png,Small-flowered Cranesbill
03566743d.png,Fat Hen
af45e222a.png,Shepherds Purse
f66ae4070.png,Maize
cadab6616.png,Shepherds Purse
31f3dd81f.png,Loose Silky-bent
16467a950.png,Loose Silky-bent
a3d0031fd.png,Loose Silky-bent
ede6b84b4.png,Cleavers
9c8b08a24.png,Loose Silky-bent
ab0f67743.png,Black-grass
e52493d0b.png,Black-grass
7615e52d3.png,Cleavers
63c07d340.png,Sugar beet
bb7621cb3.png,Fat Hen
fc3e58836.png,Cleavers
4ea7493d5.png,Sugar beet
55251925f.png,Common Chickweed
6edc76e7c.png,Fat Hen
4287d810c.png,Common Chickweed
41f1c3cdb.png,Fat Hen
0c45ace27.png,Common Chickweed
0086a6340.png,Common Chickweed
29bab7cad.png,Sugar beet
e4d5ec761.png,Black-grass
39c8fde99.png,Loose Silky-bent
ff65bc002.png,Charlock
3b73c3b61.png,Black-grass
4823c3ffa.png,Scentless Mayweed
b47691c08.png,Scentless Mayweed
43ede9de9.png,Charlock
aaf4da98f.png,Sugar beet
c832e4302.png,Fat Hen
0c27cf05f.png,Loose Silky-bent
8faadb6a8.png,Sugar beet
8dbb8e1b9.png,Charlock
e6f1211a2.png,Sugar beet
241e6935a.png,Sugar beet
8a32d0bfa.png,Small-flowered Cranesbill
668c1007c.png,Charlock
466bb6d3b.png,Maize
02cfeb38d.png,Loose Silky-bent
87f627bf9.png,Common Chickweed
2693e5c65.png,Maize
ffc6f8527.png,Common wheat
429211ee6.png,Fat Hen
f6d250856.png,Common Chickweed
7b21ba6ba.png,Common Chickweed
e1809cef2.png,Scentless Mayweed
a85b48a95.png,Scentless Mayweed
3d65168c2.png,Common Chickweed
2d992d1fb.png,Loose Silky-bent
24dbc3b21.png,Sugar beet
5f04aed97.png,Small-flowered Cranesbill
61dd2cdc5.png,Common wheat
93079d970.png,Sugar beet
56a01b835.png,Cleavers
377283a21.png,Maize
00c47e980.png,Sugar beet
cfb18d262.png,Scentless Mayweed
800a8c17e.png,Fat Hen
92292055d.png,Common Chickweed
3281183f9.png,Scentless Mayweed
3f64c2c1b.png,Common wheat
3d67c434b.png,Fat Hen
615d2b0a9.png,Sugar beet
a8c8a1db0.png,Shepherds Purse
248436078.png,Cleavers
3dd52bd2a.png,Small-flowered Cranesbill
a2c89c367.png,Charlock
9d3cb4745.png,Common wheat
3185294c8.png,Scentless Mayweed
b30ab4659.png,Cleavers
c7ae30f3a.png,Scentless Mayweed
20817c846.png,Scentless Mayweed
0dba99002.png,Sugar beet
258b1183c.png,Cleavers
1312065a5.png,Small-flowered Cranesbill
d93c7ab6d.png,Loose Silky-bent
cc3d2a59a.png,Sugar beet
4e1190d78.png,Black-grass
88ac6df54.png,Loose Silky-bent
37714071b.png,Shepherds Purse
e73e308be.png,Fat Hen
0751c0bbc.png,Sugar beet
fd87b36ae.png,Black-grass
35ebe165c.png,Black-grass
3bbef3ecb.png,Scentless Mayweed
48ef6a2ff.png,Common wheat
0625f063b.png,Common Chickweed
e3f50adfc.png,Cleavers
5883b423d.png,Scentless Mayweed
b026bf8ca.png,Loose Silky-bent
e721c6ac8.png,Black-grass
fea355851.png,Loose Silky-bent
79e5ea8fa.png,Black-grass
24a058589.png,Charlock
897e5a8de.png,Cleavers
36ed4f215.png,Common Chickweed
c4ed8ed38.png,Charlock
03a2ee656.png,Small-flowered Cranesbill
32b42c120.png,Small-flowered Cranesbill
cf90fc52d.png,Maize
65e97117e.png,Loose Silky-bent
96ecad7a1.png,Small-flowered Cranesbill
12625488b.png,Fat Hen
35cf9fa01.png,Shepherds Purse
11d3f68ff.png,Loose Silky-bent
e96e57a90.png,Shepherds Purse
8916793ce.png,Small-flowered Cranesbill
780defa2e.png,Common Chickweed
cbe761896.png,Charlock
fea3da57c.png,Sugar beet
5779fe8b4.png,Fat Hen
a544fc46d.png,Scentless Mayweed
664194d19.png,Small-flowered Cranesbill
8f523520c.png,Shepherds Purse
bea23d9f8.png,Scentless Mayweed
7d22abf91.png,Scentless Mayweed
24d36c52c.png,Common Chickweed
bf66b9cd2.png,Maize
1d56351b2.png,Common Chickweed
855955aaf.png,Small-flowered Cranesbill
8e6ec1ca6.png,Small-flowered Cranesbill
a85fc8c9a.png,Small-flowered Cranesbill
da5255450.png,Common Chickweed
e15fce4f2.png,Scentless Mayweed
37c3108d6.png,Shepherds Purse
604dd663f.png,Shepherds Purse
bebcaab66.png,Scentless Mayweed
e9d48d664.png,Shepherds Purse
24d78df74.png,Common Chickweed
71e73a8a0.png,Sugar beet
aecfaed64.png,Shepherds Purse
abf8b0772.png,Scentless Mayweed
963544aa0.png,Black-grass
d17f48d3b.png,Scentless Mayweed
2e86f1085.png,Fat Hen
c6c8d4ba0.png,Black-grass
78750e0ff.png,Charlock
cc74feadc.png,Black-grass
b7192c70f.png,Common wheat
8170d33c1.png,Maize
d689256be.png,Common wheat
780bd2a2c.png,Sugar beet
eaf0815e2.png,Small-flowered Cranesbill
f85ed9b6d.png,Shepherds Purse
5b3000b9a.png,Maize
cfd8165e9.png,Charlock
b944a49ca.png,Loose Silky-bent
1459e96a0.png,Cleavers
4b032563b.png,Common Chickweed
f1e87cba7.png,Loose Silky-bent
a800caead.png,Sugar beet
5817b766d.png,Common Chickweed
cd5f0db1c.png,Small-flowered Cranesbill
bb1d1bfd3.png,Cleavers
a93f940d6.png,Scentless Mayweed
5e6a237f2.png,Sugar beet
892e9d6c6.png,Scentless Mayweed
003d61042.png,Fat Hen
80e299ae9.png,Shepherds Purse
a3b375b34.png,Loose Silky-bent
d09275360.png,Sugar beet
c7b07431e.png,Scentless Mayweed
699d3c707.png,Sugar beet
686dc7ec8.png,Black-grass
dd5ec63d9.png,Sugar beet
dabe3e5be.png,Small-flowered Cranesbill
ce3d280eb.png,Common Chickweed
0021e90e4.png,Small-flowered Cranesbill
b29339405.png,Black-grass
2ff5cb348.png,Sugar beet
76dbd1054.png,Scentless Mayweed
ac3193f78.png,Common Chickweed
165681fd9.png,Shepherds Purse
cf3a8b2fd.png,Loose Silky-bent
8d6acbe9b.png,Common Chickweed
0bf7bfb05.png,Black-grass
966ae5ad9.png,Black-grass
7696badea.png,Black-grass
c0461776c.png,Common Chickweed
8a30b2de3.png,Sugar beet
9b4800b42.png,Charlock
53ceb4657.png,Common Chickweed
1376f3b63.png,Loose Silky-bent
9d79a1f0c.png,Small-flowered Cranesbill
6ba4ef411.png,Cleavers
1fefb54b7.png,Sugar beet
7fdb7202d.png,Scentless Mayweed
5315c2dca.png,Loose Silky-bent
fa5fd1384.png,Shepherds Purse
d09d24c58.png,Loose Silky-bent
cec5bf198.png,Cleavers
7a38416be.png,Charlock
fbf88b6be.png,Charlock
da231c97f.png,Scentless Mayweed
827279bad.png,Scentless Mayweed
19e58cc5e.png,Common Chickweed
74fd477eb.png,Common Chickweed
8cf909eb3.png,Charlock
65e262a6d.png,Charlock
752101fdf.png,Small-flowered Cranesbill
a9d2eab61.png,Black-grass
17d5e5ac4.png,Loose Silky-bent
026716f9b.png,Loose Silky-bent
4e69d100a.png,Small-flowered Cranesbill
be341dbdc.png,Loose Silky-bent
089ad62a7.png,Common Chickweed
1cfd91582.png,Charlock
b4f7c9214.png,Black-grass
88d8a4508.png,Maize
3fbd0fc6a.png,Common Chickweed
16fd2e01a.png,Small-flowered Cranesbill
8ab8a958b.png,Fat Hen
4e18ab737.png,Cleavers
3f92d8039.png,Loose Silky-bent
ec08a5d56.png,Small-flowered Cranesbill
97b2f0a10.png,Small-flowered Cranesbill
270b939cf.png,Common Chickweed
65489944f.png,Common Chickweed
4392d93cf.png,Fat Hen
8ca6140ca.png,Loose Silky-bent
7cabd68cc.png,Loose Silky-bent
a254d71f6.png,Loose Silky-bent
3e9f41817.png,Loose Silky-bent
0911d3dee.png,Common Chickweed
9a3f20121.png,Loose Silky-bent
d515398fd.png,Loose Silky-bent
05341a8a6.png,Scentless Mayweed
7d3045fc3.png,Sugar beet
df7cb5f87.png,Common Chickweed
c1ecff98b.png,Loose Silky-bent
96f14d90c.png,Sugar beet
e19673dc9.png,Charlock
bb20fce02.png,Scentless Mayweed
490c4f9c8.png,Fat Hen
df521c0c0.png,Loose Silky-bent
6a41bf95b.png,Scentless Mayweed
410e6f702.png,Small-flowered Cranesbill
1926e82fd.png,Loose Silky-bent
b6f3d8b5d.png,Scentless Mayweed
8301b0547.png,Charlock
808cf55c6.png,Shepherds Purse
e7077322d.png,Scentless Mayweed
809eb0b82.png,Charlock
e84464f5a.png,Cleavers
1d321253f.png,Fat Hen
19618ad6a.png,Sugar beet
55fed435f.png,Maize
5296835a0.png,Small-flowered Cranesbill
116b136de.png,Sugar beet
fc6f686fb.png,Sugar beet
38c054379.png,Small-flowered Cranesbill
2126dc71b.png,Common Chickweed
48d97c645.png,Small-flowered Cranesbill
52dc7a4d6.png,Common Chickweed
9df3275da.png,Small-flowered Cranesbill
acdb75e00.png,Loose Silky-bent
1b490196c.png,Shepherds Purse
6edb96d45.png,Cleavers
a8de7c1b7.png,Loose Silky-bent
08d591441.png,Sugar beet
6df8e31ea.png,Charlock
b39c71707.png,Maize
148bbda66.png,Charlock
c10ccbd82.png,Scentless Mayweed
721b2c47a.png,Fat Hen
5b3beec58.png,Black-grass
653193c1a.png,Common wheat
d01873fdd.png,Loose Silky-bent
a74bf916d.png,Shepherds Purse
14bb43eee.png,Common wheat
223e4af09.png,Cleavers
e921021a8.png,Fat Hen
d2fd9df40.png,Loose Silky-bent
f593c9cf0.png,Sugar beet
69d1669f8.png,Charlock
3eebd36c6.png,Charlock
26852751a.png,Charlock
b573b7a56.png,Loose Silky-bent
75cb95e91.png,Charlock
948cdb277.png,Cleavers
a74d475c2.png,Common Chickweed
beebe5f4e.png,Scentless Mayweed
4bbf1f6ea.png,Shepherds Purse
36839d5e9.png,Scentless Mayweed
e14afa235.png,Black-grass
fda0b5c38.png,Common wheat
2df78338c.png,Common Chickweed
22fbf13d6.png,Loose Silky-bent
172f9b10b.png,Common Chickweed
1be0713da.png,Cleavers
39b740f7e.png,Black-grass
4f83143e1.png,Maize
c6b76307d.png,Cleavers
b3d6fdb80.png,Shepherds Purse
f25996db8.png,Small-flowered Cranesbill
37297a64c.png,Common Chickweed
6c874918c.png,Black-grass
c75a82234.png,Scentless Mayweed
cd6adba97.png,Small-flowered Cranesbill
862b8e7a0.png,Sugar beet
e901b0f28.png,Fat Hen
8104422bb.png,Common Chickweed
60ee66ddd.png,Cleavers
6be169e41.png,Shepherds Purse
a935ca110.png,Loose Silky-bent
33317fc2a.png,Fat Hen
5eb9c26a6.png,Black-grass
c069fc3fa.png,Fat Hen
d6d80a321.png,Scentless Mayweed
54c8bb900.png,Charlock
8e4eaeec0.png,Common Chickweed
521b27a17.png,Loose Silky-bent
3d38a87bc.png,Black-grass
506347cfe.png,Sugar beet
76555b064.png,Loose Silky-bent
0caeda5df.png,Common wheat
550a8b7e6.png,Small-flowered Cranesbill
756dd5070.png,Common Chickweed
67ce3eaa6.png,Small-flowered Cranesbill
25cf6eb73.png,Maize
eec1079a1.png,Charlock
f2dc546ca.png,Cleavers
f48916a8c.png,Scentless Mayweed
f23faf9c1.png,Loose Silky-bent
6a47821f9.png,Loose Silky-bent
4049a6ea6.png,Loose Silky-bent
fb022edf9.png,Common Chickweed
b9062c1c8.png,Sugar beet
085974290.png,Scentless Mayweed
1f5e5554e.png,Small-flowered Cranesbill
1541bdb2e.png,Maize
47f9e5d91.png,Common Chickweed
338c7e907.png,Charlock
cf46d09c5.png,Common Chickweed
fda39e16f.png,Loose Silky-bent
7f9e9565d.png,Scentless Mayweed
f9ea23fb5.png,Fat Hen
9326bda1b.png,Common Chickweed
e5e3dccff.png,Common wheat
c10db7ae2.png,Maize
9baf94467.png,Sugar beet
8a4d3a1b1.png,Loose Silky-bent
592cc5b89.png,Loose Silky-bent
b828443ff.png,Maize
0c51bf229.png,Maize
ace8761dd.png,Common Chickweed
00ef713a8.png,Common Chickweed
cae684f8f.png,Charlock
9c777333d.png,Common Chickweed
e98e5d1d5.png,Black-grass
f4234cf4f.png,Fat Hen
cbba27d89.png,Maize
2f246d688.png,Small-flowered Cranesbill
d9c50616e.png,Sugar beet
4c8005bbc.png,Black-grass
a55d26a4c.png,Common Chickweed
07e62f903.png,Maize
bb64660b7.png,Sugar beet
1b6a6494d.png,Sugar beet
b3e08b037.png,Fat Hen
2b55a2da2.png,Charlock
d0152bd7c.png,Fat Hen
851c90831.png,Black-grass
a4b61a4ea.png,Loose Silky-bent
9516e56c4.png,Black-grass
19b51843a.png,Common Chickweed
fea1d13d6.png,Shepherds Purse
406162ef9.png,Charlock
efe19dc32.png,Charlock
3da774107.png,Fat Hen
c7051c902.png,Common Chickweed
60fea2ef6.png,Sugar beet
36d62bf36.png,Common wheat
b145ba9d4.png,Scentless Mayweed
bdde957ec.png,Shepherds Purse
3efa1f66c.png,Black-grass
bb1c84bbc.png,Loose Silky-bent
dcd7ff249.png,Scentless Mayweed
1758a1baf.png,Common Chickweed
dce2f6612.png,Common Chickweed
958bb9e96.png,Charlock
ac75d3326.png,Black-grass
b4c3df835.png,Maize
cb496f36e.png,Loose Silky-bent
ef9676433.png,Charlock
7691014a1.png,Charlock
c63da993b.png,Sugar beet
29ce426a1.png,Common Chickweed
20f983a71.png,Fat Hen
97844bfd5.png,Shepherds Purse
d102e1a15.png,Cleavers
770a265f5.png,Small-flowered Cranesbill
26e7ae885.png,Fat Hen
01291174f.png,Fat Hen
060450d79.png,Common Chickweed
59e1cea8d.png,Cleavers
a0b393945.png,Small-flowered Cranesbill
dc55449b2.png,Sugar beet
837ac0270.png,Scentless Mayweed
486e59179.png,Common Chickweed
17529c555.png,Scentless Mayweed
d3331e071.png,Fat Hen
6680836dd.png,Sugar beet
f9b6bfb00.png,Cleavers
c2de6020a.png,Small-flowered Cranesbill
5ee9d0a5b.png,Loose Silky-bent
ef65533d5.png,Black-grass
54b3afd58.png,Cleavers
a7bd7cadb.png,Fat Hen
39858776a.png,Cleavers
99036c51d.png,Loose Silky-bent
bffc08672.png,Scentless Mayweed
ae90f2827.png,Common Chickweed
1e095a7e1.png,Small-flowered Cranesbill
ce42adffb.png,Black-grass
99569b224.png,Common wheat
53e6e9000.png,Common wheat
dabea05f4.png,Loose Silky-bent
59c6a9f95.png,Fat Hen
98062cd87.png,Common Chickweed
f445fe6fb.png,Charlock
f9f35cbd4.png,Common Chickweed
55920f07f.png,Maize
c64370a72.png,Sugar beet
6bce55e05.png,Cleavers
7e9cf1c46.png,Common Chickweed
c26ccf73c.png,Common Chickweed
37e545a60.png,Common Chickweed
87608f7aa.png,Charlock
86676d627.png,Fat Hen
c06e7c748.png,Scentless Mayweed
0d117d910.png,Common Chickweed
61b044411.png,Loose Silky-bent
6982a9d30.png,Small-flowered Cranesbill
98d819587.png,Shepherds Purse
1c680883c.png,Loose Silky-bent
a0f37c726.png,Small-flowered Cranesbill
be2499cf4.png,Black-grass
04814f36d.png,Scentless Mayweed
5af1d74ee.png,Sugar beet
9cce7328c.png,Loose Silky-bent
55a852f40.png,Common Chickweed
e5368474f.png,Scentless Mayweed
6da892be6.png,Small-flowered Cranesbill
2a667e099.png,Fat Hen
785a73ab8.png,Common Chickweed
79fba50db.png,Common Chickweed
ef74dbcad.png,Scentless Mayweed
a1e0a6c02.png,Cleavers
4ac29bbf0.png,Common Chickweed
391dcd7fd.png,Black-grass
59358cd44.png,Small-flowered Cranesbill
fe9e87b78.png,Scentless Mayweed
